,Trends,Volume
0,Nadal,286598.0
1,#RolandGarros,197435.0
2,Zverev,46876.0
3,#KohLantaLeTotemMaudit,
4,Alcaraz,45398.0
5,#BTSatTheWhiteHouse,1741972.0
6,#RGsurPrime,
7,Darmanin,63034.0
8,#stadedefrance,53198.0
9,Lobby,37342.0
10,Jean Charles,
11,Balti,
12,ambre,
13,liam payne,68058.0
14,Olga,20268.0
15,Federer,
16,Macron,101872.0
17,Frédéric Leclerc,
18,Nicolas,30002.0
19,Ruffin,
20,Nole,18093.0
21,Yelan,138321.0
22,DNCG,
23,logan paul,18964.0
24,Galtier,
25,Benzema,113428.0
26,Ségur,
27,Disco Maghreb,
28,McKinsey,
29,Pascal Praud,
30,Dj Snake,
31,gasquet,
32,Le Mot,
33,McLaren,
34,Brice Couturier,
35,Kate Bush,25791.0
36,Allez Rafa,
37,Réinventer,
38,Tennis,79361.0
39,Yamato,28170.0
40,Top 5,118705.0
41,MEEF,
42,VAMOS RAFA,
43,CAPES,
44,bastien,
45,Pontoise,
46,Cherbourg,
47,j'avais 12,
48,Gasly,18139.0
49,Bonjour Guillaume,
